<!--
-- SPDX-FileCopyrightText: Copyright (c) 2021-2024 NVIDIA CORPORATION & AFFILIATES. All rights reserved.
-- SPDX-License-Identifier: Apache-2.0
  -->
<scene version="2.1.0">

<!-- Defaults, these can be set via the command line: -Darg=value -->


<!-- Camera and Rendering Parameters -->

	<integrator type="path">
		<integer name="max_depth" value="12"/>
	</integrator>

<!-- Materials -->

	<bsdf type="twosided" id="mat-itu_metal">
		<bsdf type="diffuse">
			<rgb value="0.102473 0.102473 0.102473" name="reflectance"/>
		</bsdf>
	</bsdf>

<!-- Emitters -->

	<emitter type="constant" id="World">
		<rgb value="1.000000 1.000000 1.000000" name="radiance"/>
	</emitter>

<!-- Shapes -->

	<shape type="ply" id="mesh-large_reflector">
		<string name="filename" value="meshes/large_reflector.ply"/>
		<boolean name="face_normals" value="true"/>
		<ref id="mat-itu_metal" name="bsdf"/>
	</shape>
	<shape type="ply" id="mesh-small_reflector">
		<string name="filename" value="meshes/small_reflector.ply"/>
		<boolean name="face_normals" value="true"/>
		<ref id="mat-itu_metal" name="bsdf"/>
	</shape>
</scene>
