<!--
-- SPDX-FileCopyrightText: Copyright (c) 2021-2024 NVIDIA CORPORATION & AFFILIATES. All rights reserved.
-- SPDX-License-Identifier: Apache-2.0
  -->
<scene version="2.1.0">

<!-- Defaults, these can be set via the command line: -Darg=value -->


<!-- Camera and Rendering Parameters -->

	<integrator type="path">
		<integer name="max_depth" value="12"/>
	</integrator>

<!-- Materials -->

	<bsdf type="twosided" id="mat-itu_metal">
		<bsdf type="diffuse">
			<rgb value="0.147314 0.147314 0.147314" name="reflectance"/>
		</bsdf>
	</bsdf>

<!-- Emitters -->

	<emitter type="constant" id="World">
		<rgb value="1.000000 1.000000 1.000000" name="radiance"/>
	</emitter>

<!-- Shapes -->

	<shape type="ply" id="mesh-floor">
		<string name="filename" value="meshes/floor.ply"/>
		<boolean name="face_normals" value="true"/>
		<ref id="mat-itu_metal" name="bsdf"/>
	</shape>
	<shape type="ply" id="mesh-ceiling">
		<string name="filename" value="meshes/ceiling.ply"/>
		<boolean name="face_normals" value="true"/>
		<ref id="mat-itu_metal" name="bsdf"/>
	</shape>
	<shape type="ply" id="mesh-wall_xp">
		<string name="filename" value="meshes/wall_xp.ply"/>
		<boolean name="face_normals" value="true"/>
		<ref id="mat-itu_metal" name="bsdf"/>
	</shape>
	<shape type="ply" id="mesh-wall_ym">
		<string name="filename" value="meshes/wall_ym.ply"/>
		<boolean name="face_normals" value="true"/>
		<ref id="mat-itu_metal" name="bsdf"/>
	</shape>
	<shape type="ply" id="mesh-wall_yp">
		<string name="filename" value="meshes/wall_yp.ply"/>
		<boolean name="face_normals" value="true"/>
		<ref id="mat-itu_metal" name="bsdf"/>
	</shape>
	<shape type="ply" id="mesh-wall_xm">
		<string name="filename" value="meshes/wall_xm.ply"/>
		<boolean name="face_normals" value="true"/>
		<ref id="mat-itu_metal" name="bsdf"/>
	</shape>
</scene>
