<!--
-- SPDX-FileCopyrightText: Copyright (c) 2021-2024 NVIDIA CORPORATION & AFFILIATES. All rights reserved.
-- SPDX-License-Identifier: Apache-2.0
  -->
<scene version="2.1.0">

<!-- Defaults, these can be set via the command line: -Darg=value -->

	<default name="spp" value="128"/>
	<default name="resx" value="1024"/>
	<default name="resy" value="768"/>

<!-- Camera and Rendering Parameters -->

	<integrator type="path" id="elm__0" name="elm__0">
		<integer name="max_depth" value="12"/>
	</integrator>
	<sensor type="perspective" id="Camera.002" name="Camera.002">
		<string name="fov_axis" value="x"/>
		<float name="fov" value="42.841463"/>
		<float name="principal_point_offset_x" value="0.000000"/>
		<float name="principal_point_offset_y" value="-0.000000"/>
		<float name="near_clip" value="0.100000"/>
		<float name="far_clip" value="1000.000000"/>
		<transform name="to_world">
			<rotate x="1" angle="112.65612930219315"/>
			<rotate y="1" angle="-5.2457066472439944e-08"/>
			<rotate z="1" angle="-91.12573379291216"/>
			<translate value="195.924988 -3.626553 82.087303"/>
		</transform>
		<sampler type="independent" name="sampler">
			<integer name="sample_count" value="$spp"/>
		</sampler>
		<film type="hdrfilm" name="film">
			<integer name="width" value="$resx"/>
			<integer name="height" value="$resy"/>
		</film>
	</sensor>
	<sensor type="perspective" id="Camera.003" name="Camera.003">
		<string name="fov_axis" value="x"/>
		<float name="fov" value="62.254832"/>
		<float name="principal_point_offset_x" value="0.000000"/>
		<float name="principal_point_offset_y" value="-0.000000"/>
		<float name="near_clip" value="0.100000"/>
		<float name="far_clip" value="1000.000000"/>
		<transform name="to_world">
			<rotate x="1" angle="125.21508499704073"/>
			<rotate y="1" angle="2.8467383180930784e-06"/>
			<rotate z="1" angle="179.2849115236127"/>
			<translate value="-1.558842 -136.773376 113.112045"/>
		</transform>
		<sampler type="independent" name="sampler">
			<integer name="sample_count" value="$spp"/>
		</sampler>
		<film type="hdrfilm" name="film">
			<integer name="width" value="$resx"/>
			<integer name="height" value="$resy"/>
		</film>
	</sensor>
	<sensor type="perspective" id="Camera.004" name="Camera.004">
		<string name="fov_axis" value="x"/>
		<float name="fov" value="116.582559"/>
		<float name="principal_point_offset_x" value="0.000000"/>
		<float name="principal_point_offset_y" value="-0.000000"/>
		<float name="near_clip" value="0.100000"/>
		<float name="far_clip" value="1000.000000"/>
		<transform name="to_world">
			<rotate x="1" angle="106.37561326601552"/>
			<rotate y="1" angle="1.8434191636068118e-06"/>
			<rotate z="1" angle="90.74338663336401"/>
			<translate value="-74.777267 -0.721743 21.718441"/>
		</transform>
		<sampler type="independent" name="sampler">
			<integer name="sample_count" value="$spp"/>
		</sampler>
		<film type="hdrfilm" name="film">
			<integer name="width" value="$resx"/>
			<integer name="height" value="$resy"/>
		</film>
	</sensor>
	<sensor type="perspective" id="Camera.005" name="Camera.005">
		<string name="fov_axis" value="x"/>
		<float name="fov" value="39.597752"/>
		<float name="principal_point_offset_x" value="0.000000"/>
		<float name="principal_point_offset_y" value="-0.000000"/>
		<float name="near_clip" value="0.100000"/>
		<float name="far_clip" value="1000.000000"/>
		<transform name="to_world">
			<rotate x="1" angle="107.15663173722814"/>
			<rotate y="1" angle="-1.1993628454976883e-06"/>
			<rotate z="1" angle="-90.14851130760175"/>
			<translate value="73.333527 0.046463 22.846598"/>
		</transform>
		<sampler type="independent" name="sampler">
			<integer name="sample_count" value="$spp"/>
		</sampler>
		<film type="hdrfilm" name="film">
			<integer name="width" value="$resx"/>
			<integer name="height" value="$resy"/>
		</film>
	</sensor>

<!-- Materials -->

	<bsdf type="twosided" id="mat-itu_glass" name="mat-itu_glass">
		<bsdf type="diffuse" name="bsdf">
			<rgb value="0.212230 0.564711 0.799103" name="reflectance"/>
		</bsdf>
	</bsdf>
	<bsdf type="twosided" id="mat-itu_wood" name="mat-itu_wood">
		<bsdf type="diffuse" name="bsdf">
			<rgb value="0.508881 0.168269 0.059511" name="reflectance"/>
		</bsdf>
	</bsdf>
	<bsdf type="twosided" id="mat-itu_marble" name="mat-itu_marble">
		<bsdf type="diffuse" name="bsdf">
			<rgb value="0.701101 0.644479 0.485150" name="reflectance"/>
		</bsdf>
	</bsdf>
	<bsdf type="twosided" id="mat-itu_brick" name="mat-itu_brick">
		<bsdf type="diffuse" name="bsdf">
			<rgb value="0.603827 0.090842 0.049707" name="reflectance"/>
		</bsdf>
	</bsdf>
	<bsdf type="twosided" id="mat-itu_concrete" name="mat-itu_concrete">
		<bsdf type="diffuse" name="bsdf">
			<rgb value="0.539479 0.539479 0.539480" name="reflectance"/>
		</bsdf>
	</bsdf>
	<bsdf type="twosided" id="mat-itu_metal" name="mat-itu_metal">
		<bsdf type="principled" name="bsdf">
			<rgb value="1.000000 0.004856 0.000000" name="base_color"/>
			<float name="spec_tint" value="0.000000"/>
			<float name="spec_trans" value="0.000000"/>
			<float name="metallic" value="0.000000"/>
			<float name="anisotropic" value="0.000000"/>
			<float name="roughness" value="0.250000"/>
			<float name="sheen" value="0.000000"/>
			<float name="sheen_tint" value="0.500000"/>
			<float name="clearcoat" value="0.000000"/>
			<float name="clearcoat_gloss" value="0.000900"/>
			<float name="specular" value="0.500000"/>
		</bsdf>
	</bsdf>

<!-- Emitters -->

	<emitter type="constant" id="World" name="World">
		<rgb value="1.000000 1.000000 1.000000" name="radiance"/>
	</emitter>

<!-- Shapes -->

	<shape type="ply" id="mesh-building_1" name="mesh-building_1">
		<string name="filename" value="meshes/building_1.ply"/>
		<boolean name="face_normals" value="true"/>
		<ref id="mat-itu_glass" name="bsdf"/>
	</shape>
	<shape type="ply" id="mesh-building_6" name="mesh-building_6">
		<string name="filename" value="meshes/building_6.ply"/>
		<boolean name="face_normals" value="true"/>
		<ref id="mat-itu_wood" name="bsdf"/>
	</shape>
	<shape type="ply" id="mesh-building_5" name="mesh-building_5">
		<string name="filename" value="meshes/building_5.ply"/>
		<boolean name="face_normals" value="true"/>
		<ref id="mat-itu_glass" name="bsdf"/>
	</shape>
	<shape type="ply" id="mesh-building_4" name="mesh-building_4">
		<string name="filename" value="meshes/building_4.ply"/>
		<boolean name="face_normals" value="true"/>
		<ref id="mat-itu_marble" name="bsdf"/>
	</shape>
	<shape type="ply" id="mesh-building_3" name="mesh-building_3">
		<string name="filename" value="meshes/building_3.ply"/>
		<boolean name="face_normals" value="true"/>
		<ref id="mat-itu_marble" name="bsdf"/>
	</shape>
	<shape type="ply" id="mesh-building_2" name="mesh-building_2">
		<string name="filename" value="meshes/building_2.ply"/>
		<boolean name="face_normals" value="true"/>
		<ref id="mat-itu_brick" name="bsdf"/>
	</shape>
	<shape type="ply" id="mesh-floor" name="mesh-floor">
		<string name="filename" value="meshes/floor.ply"/>
		<boolean name="face_normals" value="true"/>
		<ref id="mat-itu_concrete" name="bsdf"/>
	</shape>
	<shape type="ply" id="mesh-car_3" name="mesh-car_3">
		<string name="filename" value="meshes/car_3.ply"/>
		<boolean name="face_normals" value="true"/>
		<ref id="mat-itu_metal" name="bsdf"/>
	</shape>
	<shape type="ply" id="mesh-car_4" name="mesh-car_4">
		<string name="filename" value="meshes/car_4.ply"/>
		<boolean name="face_normals" value="true"/>
		<ref id="mat-itu_metal" name="bsdf"/>
	</shape>
	<shape type="ply" id="mesh-car_5" name="mesh-car_5">
		<string name="filename" value="meshes/car_5.ply"/>
		<boolean name="face_normals" value="true"/>
		<ref id="mat-itu_metal" name="bsdf"/>
	</shape>
	<shape type="ply" id="mesh-car_2" name="mesh-car_2">
		<string name="filename" value="meshes/car_2.ply"/>
		<boolean name="face_normals" value="true"/>
		<ref id="mat-itu_metal" name="bsdf"/>
	</shape>
	<shape type="ply" id="mesh-car_1" name="mesh-car_1">
		<string name="filename" value="meshes/car_1.ply"/>
		<boolean name="face_normals" value="true"/>
		<ref id="mat-itu_metal" name="bsdf"/>
	</shape>
	<shape type="ply" id="mesh-car_6" name="mesh-car_6">
		<string name="filename" value="meshes/car_6.ply"/>
		<boolean name="face_normals" value="true"/>
		<ref id="mat-itu_metal" name="bsdf"/>
	</shape>
	<shape type="ply" id="mesh-car_7" name="mesh-car_7">
		<string name="filename" value="meshes/car_7.ply"/>
		<boolean name="face_normals" value="true"/>
		<ref id="mat-itu_metal" name="bsdf"/>
	</shape>
	<shape type="ply" id="mesh-car_8" name="mesh-car_8">
		<string name="filename" value="meshes/car_8.ply"/>
		<boolean name="face_normals" value="true"/>
		<ref id="mat-itu_metal" name="bsdf"/>
	</shape>

<!-- Volumes -->

</scene>
