{
    "los" : 0,
    "num_clusters" : 23,

    "cASD" : 10.0,
    "cASA" : 22.0,
    "cZSD" : 3.0,
    "cZSA" : 7.0,

    "xpr" : 8.0,

    "delays" : [    0.0000,
                    0.1072,
                    0.2155,
                    0.2095,
                    0.2870,
                    0.2986,
                    0.3752,
                    0.5055,
                    0.3681,
                    0.3697,
                    0.5700,
                    0.5283,
                    1.1021,
                    1.2756,
                    1.5474,
                    1.7842,
                    2.0169,
                    2.8294,
                    3.0219,
                    3.6187,
                    4.1067,
                    4.2790,
                    4.7834],


    "powers" : [    0.0,
                    -2.2,
                    -4.0,
                    -3.2,
                    -9.8,
                    -1.2,
                    -3.4,
                    -5.2,
                    -7.6,
                    -3.0,
                    -8.9,
                    -9.0,
                    -4.8,
                    -5.7,
                    -7.5,
                    -1.9,
                    -7.6,
                    -12.2,
                    -9.8,
                    -11.4,
                    -14.9,
                    -9.2,
                    -11.3],

    "aod" : [       9.3,
                    9.3,
                    9.3,
                    -34.1,
                    -65.4,
                    -11.4,
                    -11.4,
                    -11.4,
                    -67.2,
                    52.5,
                    -72.0,
                    74.3,
                    -52.2,
                    -50.5,
                    61.4,
                    30.6,
                    -72.5,
                    -90.6,
                    -77.6,
                    -82.6,
                    -103.6,
                    75.6,
                    -77.6],

    "aoa" : [       -173.3,
                    -173.3,
                    -173.3,
                    125.5,
                    -88.0,
                    155.1,
                    155.1,
                    155.1,
                    -89.8,
                    132.1,
                    -83.6,
                    95.3,
                    103.7,
                    -87.8,
                    -92.5,
                    -139.1,
                    -90.6,
                    58.6,
                    -79.0,
                    65.8,
                    52.7,
                    88.7,
                    -60.4],

        "zod" : [   105.8,
                    105.8,
                    105.8,
                    115.3,
                    119.3,
                    103.2,
                    103.2,
                    103.2,
                    118.2,
                    102.0,
                    100.4,
                    98.3,
                    103.4,
                    102.5,
                    101.4,
                    103.0,
                    100.0,
                    115.2,
                    100.5,
                    119.6,
                    118.7,
                    117.8,
                    115.7],

        "zoa" : [   78.9,
                    78.9,
                    78.9,
                    63.3,
                    59.9,
                    67.5,
                    67.5,
                    67.5,
                    82.6,
                    66.3,
                    61.6,
                    58.0,
                    78.2,
                    82.0,
                    62.4,
                    78.0,
                    60.9,
                    82.9,
                    60.8,
                    57.3,
                    59.9,
                    60.1,
                    62.3]
}
