{
    "los" : 1,
    "num_clusters" : 14,

    "cASD" : 5.0,
    "cASA" : 11.0,
    "cZSD" : 3.0,
    "cZSA" : 7.0,

    "xpr" : 8.0,

    "delays" : [    0.0,
                    0.0,
                    0.5133,
                    0.5440,
                    0.5630,
                    0.5440,
                    0.7112,
                    1.9092,
                    1.9293,
                    1.9589,
                    2.6426,
                    3.7136,
                    5.4524,
                    12.0034,
                    20.6419],

    "powers" : [    -0.03,
                    -22.03,
                    -15.8,
                    -18.1,
                    -19.8,
                    -22.9,
                    -22.4,
                    -18.6,
                    -20.8,
                    -22.6,
                    -22.3,
                    -25.6,
                    -20.2,
                    -29.8,
                    -29.2],

    "aod" : [       0.0,
                    0.0,
                    57.5,
                    57.5,
                    57.5,
                    -20.1,
                    16.2,
                    9.3,
                    9.3,
                    9.3,
                    19.0,
                    32.7,
                    0.5,
                    55.9,
                    57.6],

    "aoa" : [       -180.0,
                    -180.0,
                    18.2,
                    18.2,
                    18.2,
                    101.8,
                    112.9,
                    -155.5,
                    -155.5,
                    -155.5,
                    -143.3,
                    -94.7,
                    147.0,
                    -36.2,
                    -26.0],

        "zod" : [   99.6,
                    99.6,
                    104.2,
                    104.2,
                    104.2,
                    99.4,
                    100.8,
                    98.8,
                    98.8,
                    98.8,
                    100.8,
                    96.4,
                    98.9,
                    95.6,
                    104.6],

        "zoa" : [   80.4,
                    80.4,
                    80.4,
                    80.4,
                    80.4,
                    80.8,
                    86.3,
                    82.7,
                    82.7,
                    82.7,
                    82.9,
                    88.0,
                    81.0,
                    88.6,
                    78.3]
}
