{
    "los" : 1,
    "num_clusters" : 13,

    "cASD" : 5.0,
    "cASA" : 8.0,
    "cZSD" : 3.0,
    "cZSA" : 3.0,

    "xpr" : 11.0,

    "delays" : [    0.0,
                    0.0,
                    0.035,
                    0.612,
                    1.363,
                    1.405,
                    1.804,
                    2.596,
                    1.775,
                    4.042,
                    7.937,
                    9.424,
                    9.708,
                    12.525],


    "powers" : [    -0.2,
                    -13.5,
                    -18.8,
                    -21.0,
                    -22.8,
                    -17.9,
                    -20.1,
                    -21.9,
                    -22.9,
                    -27.8,
                    -23.6,
                    -24.8,
                    -30.0,
                    -27.7],

    "aod" : [   0.0,
                0.0,
                89.2,
                89.2,
                89.2,
                13.0,
                13.0,
                13.0,
                34.6,
                -64.5,
                -32.9,
                52.6,
                -132.1,
                77.2],

    "aoa" : [   -180.0,
                -180.0,
                89.2,
                89.2,
                89.2,
                163.0,
                163.0,
                163.0,
                -137.0,
                74.5,
                127.7,
                -119.6,
                -9.1,
                -83.8],

    "zod" : [   98.5,
                98.5,
                85.5,
                85.5,
                85.5,
                97.5,
                97.5,
                97.5,
                98.5,
                88.4,
                91.3,
                103.8,
                80.3,
                86.5],

    "zoa" : [   81.5,
                81.5,
                86.9,
                86.9,
                86.9,
                79.4,
                79.4,
                79.4,
                78.2,
                73.6,
                78.3,
                87.0,
                70.6,
                72.9]
}
