{
    "los" : 0,
    "num_clusters" : 23,

    "cASD" : 5.0,
    "cASA" : 11.0,
    "cZSD" : 3.0,
    "cZSA" : 3.0,

    "xpr" : 10.0,

    "delays" : [    0.0,
                    0.3819,
                    0.4025,
                    0.5868,
                    0.4610,
                    0.5375,
                    0.6708,
                    0.5750,
                    0.7618,
                    1.5375,
                    1.8978,
                    2.2242,
                    2.1718,
                    2.4942,
                    2.5119,
                    3.0582,
                    4.0810,
                    4.4579,
                    4.5695,
                    4.7966,
                    5.0066,
                    5.3043,
                    9.6586],

    "powers" : [    -13.4,
                    0.0,
                    -2.2,
                    -4.0,
                    -6.0,
                    -8.2,
                    -9.9,
                    -10.5,
                    -7.5,
                    -15.9,
                    -6.6,
                    -16.7,
                    -12.4,
                    -15.2,
                    -10.8,
                    -11.3,
                    -12.7,
                    -16.2,
                    -18.3,
                    -18.9,
                    -16.6,
                    -19.9,
                    -29.7],

    "aod" : [
                    -178.1,
                    -4.2,
                    -4.2,
                    -4.2,
                    90.2,
                    90.2,
                    90.2,
                    121.5,
                    -81.7,
                    158.4,
                    -83.0,
                    134.8,
                    -153.0,
                    -172.0,
                    -129.9,
                    -136.0,
                    165.4,
                    148.4,
                    132.7,
                    -118.6,
                    -154.1,
                    126.5,
                    -56.2],

    "aoa" : [
                    51.3,
                    -152.7,
                    -152.7,
                    -152.7,
                    76.6,
                    76.6,
                    76.6,
                    -1.8,
                    -41.9,
                    94.2,
                    51.9,
                    -115.9,
                    26.6,
                    76.6,
                    -7.0,
                    -23.0,
                    -47.2,
                    110.4,
                    144.5,
                    155.3,
                    102.0,
                    -151.8,
                    55.2],

        "zod" : [
                    50.2,
                    93.2,
                    93.2,
                    93.2,
                    122.0,
                    122.0,
                    122.0,
                    150.2,
                    55.2,
                    26.4,
                    126.4,
                    171.6,
                    151.4,
                    157.2,
                    47.2,
                    40.4,
                    43.3,
                    161.8,
                    10.8,
                    16.7,
                    171.7,
                    22.7,
                    144.9],

        "zoa" : [
                    125.4,
                    91.3,
                    91.3,
                    91.3,
                    94.0,
                    94.0,
                    94.0,
                    47.1,
                    56.0,
                    30.1,
                    58.8,
                    26.0,
                    49.2,
                    143.1,
                    117.4,
                    122.7,
                    123.2,
                    32.6,
                    27.2,
                    15.2,
                    146.0,
                    150.7,
                    156.1]
}
