{
    "los" : 0,
    "num_clusters" : 24,

    "cASD" : 2.0,
    "cASA" : 15.0,
    "cZSD" : 3.0,
    "cZSA" : 7.0,

    "xpr" : 7.0,

    "delays" : [    0.0,
                    0.2099,
                    0.2219,
                    0.2329,
                    0.2176,
                    0.6366,
                    0.6448,
                    0.6560,
                    0.6584,
                    0.7935,
                    0.8213,
                    0.9336,
                    1.2285,
                    1.3083,
                    2.1704,
                    2.7105,
                    4.2589,
                    4.6003,
                    5.4902,
                    5.6077,
                    6.3065,
                    6.6374,
                    7.0427,
                    8.6523],


    "powers" : [    -4.4,
                    -1.2,
                    -3.5,
                    -5.2,
                    -2.5,
                    0.0,
                    -2.2,
                    -3.9,
                    -7.4,
                    -7.1,
                    -10.7,
                    -11.1,
                    -5.1,
                    -6.8,
                    -8.7,
                    -13.2,
                    -13.9,
                    -13.9,
                    -15.8,
                    -17.1,
                    -16,
                    -15.7,
                    -21.6,
                    -22.8],

    "aod" : [       -46.6,
                    -22.8,
                    -22.8,
                    -22.8,
                    -40.7,
                    0.3,
                    0.3,
                    0.3,
                    73.1,
                    -64.5,
                    80.2,
                    -97.1,
                    -55.3,
                    -64.3,
                    -78.5,
                    102.7,
                    99.2,
                    88.8,
                    -101.9,
                    92.2,
                    93.3,
                    106.6,
                    119.5,
                    -123.8],

    "aoa" : [   -101.0,
                120.0,
                120.0,
                120.0,
                -127.5,
                170.4,
                170.4,
                170.4,
                55.4,
                66.5,
                -48.1,
                46.9,
                68.1,
                -68.7,
                81.5,
                30.7,
                -16.4,
                3.8,
                -13.7,
                9.7,
                5.6,
                0.7,
                -21.9,
                33.6],

    "zod" : [   97.2,
                98.6,
                98.6,
                98.6,
                100.6,
                99.2,
                99.2,
                99.2,
                105.2,
                95.3,
                106.1,
                93.5,
                103.7,
                104.2,
                93.0,
                104.2,
                94.9,
                93.1,
                92.2,
                106.7,
                93.0,
                92.9,
                105.2,
                107.8],

    "zoa" : [   87.6,
                72.1,
                72.1,
                72.1,
                70.1,
                75.3,
                75.3,
                75.3,
                67.4,
                63.8,
                71.4,
                60.5,
                90.6,
                60.1,
                61.0,
                100.7,
                62.3,
                66.7,
                52.9,
                61.8,
                51.9,
                61.7,
                58.0,
                57.0]
}
