{
    "muDSa" : 0.0,
    "muDSb" : 0.0,
    "muDSc" : -7.49,

    "sigmaDSa" : 0.0,
    "sigmaDSb" : 0.0,
    "sigmaDSc" : 0.55,

    "muASDa" : 0.0,
    "muASDb" : 0.0,
    "muASDc" : 0.90,

    "sigmaASDa" : 0.0,
    "sigmaASDb" : 0.0,
    "sigmaASDc" : 0.38,

    "muASAa" : 0.0,
    "muASAb" : 0.0,
    "muASAc" : 1.52,

    "sigmaASAa" : 0.0,
    "sigmaASAb" : 0.0,
    "sigmaASAc" : 0.24,

    "muZSAa" : 0.0,
    "muZSAb" : 0.0,
    "muZSAc" : 0.47,

    "sigmaZSAa" : 0.0,
    "sigmaZSAb" : 0.0,
    "sigmaZSAc" : 0.40,

    "muK" : 7.0,
    "sigmaK" : 4.0,

    "muXPR" : 12.0,
    "sigmaXPR" : 4.0,

    "sigmaSF" : 8.0,
    "sigmaSF1" : 4.0,
    "sigmaSF2" : 6.0,

    "muZSDa" : -0.17,
    "muZSDb" : 0.22,
    "sigmaZSD" : 0.34,

    "numClusters" : 11,

    "rTau" : 3.8,

    "zeta" : 3.0,

    "cDSa" : 3.91,
    "cDSb" : 0.0,
    "cDSc" : 0.0,
    "cASD" : 2.0,
    "cASA" : 3.0,
    "cZSA" : 3.0,

    "CPhiNLoS" : 1.123,
    "CThetaNLoS" : 1.031,

    "corrDistDS" : 50,
    "corrDistASD" : 25,
    "corrDistASA" : 35,
    "corrDistSF" : 37,
    "corrDistK" : 40,
    "corrDistZSA" : 15,
    "corrDistZSD" : 15,

    "corrASDvsDS" : 0,
    "corrASAvsDS" : 0,
    "corrASAvsSF" : 0,
    "corrASDvsSF" : 0,
    "corrDSvsSF" : -0.5,
    "corrASDvsASA" : 0,
    "corrASDvsK" : 0,
    "corrASAvsK" : 0,
    "corrDSvsK" : 0,
    "corrSFvsK" : 0,
    "corrZSDvsSF" : 0.01,
    "corrZSAvsSF" : -0.17,
    "corrZSDvsK" : 0,
    "corrZSAvsK" : -0.02,
    "corrZSDvsDS" : -0.05,
    "corrZSAvsDS" : 0.27,
    "corrZSDvsASD" : 0.73,
    "corrZSAvsASD" : -0.14,
    "corrZSDvsASA" : -0.20,
    "corrZSAvsASA" : 0.24,
    "corrZSDvsZSA": -0.07
}