{
    "muDSa" : 0.0,
    "muDSb" : 0.0,
    "muDSc" : -7.43,

    "sigmaDSa" : 0.0,
    "sigmaDSb" : 0.0,
    "sigmaDSc" : 0.48,

    "muASDa" : 0.0,
    "muASDb" : 0.0,
    "muASDc" : 0.95,

    "sigmaASDa" : 0.0,
    "sigmaASDb" : 0.0,
    "sigmaASDc" : 0.45,

    "muASAa" : 0.0,
    "muASAb" : 0.0,
    "muASAc" : 1.52,

    "sigmaASAa" : 0.0,
    "sigmaASAb" : 0.0,
    "sigmaASAc" : 0.13,

    "muZSAa" : 0.0,
    "muZSAb" : 0.0,
    "muZSAc" : 0.58,

    "sigmaZSAa" : 0.0,
    "sigmaZSAb" : 0.0,
    "sigmaZSAc" : 0.37,

    "muK" : 0.0,
    "sigmaK" : 0.0,

    "muXPR" : 7.0,
    "sigmaXPR" : 3.0,

    "sigmaSF" : 8.0,
    "sigmaSF1" : 4.0,
    "sigmaSF2" : 6.0,

    "muZSDa" : -0.19,
    "muZSDb" : 0.28,
    "sigmaZSD" : 0.30,

    "numClusters" : 10,

    "rTau" : 1.7,

    "zeta" : 3.0,

    "cDSa" : 3.91,
    "cDSb" : 0.0,
    "cDSc" : 0.0,
    "cASD" : 2.0,
    "cASA" : 3.0,
    "cZSA" : 3.0,

    "CPhiNLoS" : 1.090,
    "CThetaNLoS" : 0.957,

    "corrDistDS" : 36,
    "corrDistASD" : 30,
    "corrDistASA" : 40,
    "corrDistSF" : 120,
    "corrDistK" : 1,
    "corrDistZSA" : 50,
    "corrDistZSD" : 50,

    "corrASDvsDS" : -0.4,
    "corrASAvsDS" : 0,
    "corrASAvsSF" : 0,
    "corrASDvsSF" : 0.6,
    "corrDSvsSF" : -0.5,
    "corrASDvsASA" : 0,
    "corrASDvsK" : 0,
    "corrASAvsK" : 0,
    "corrDSvsK" : 0,
    "corrSFvsK" : 0,
    "corrZSDvsSF" : -0.04,
    "corrZSAvsSF" : -0.25,
    "corrZSDvsK" : 0,
    "corrZSAvsK" : 0,
    "corrZSDvsDS" : -0.10,
    "corrZSAvsDS" : -0.40,
    "corrZSDvsASD" : 0.42,
    "corrZSAvsASD" : -0.27,
    "corrZSDvsASA" : -0.18,
    "corrZSAvsASA" : 0.26,
    "corrZSDvsZSA": -0.27
}