{
    "los" : 0,
    "num_clusters" : 24,
    "scale_delays" : true,

    "powers" : [    -4.4,
                    -1.2,
                    -3.5,
                    -5.2,
                    -2.5,
                    0.0,
                    -2.2,
                    -3.9,
                    -7.4,
                    -7.1,
                    -10.7,
                    -11.1,
                    -5.1,
                    -6.8,
                    -8.7,
                    -13.2,
                    -13.9,
                    -13.9,
                    -15.8,
                    -17.1,
                    -16,
                    -15.7,
                    -21.6,
                    -22.8],

    "delays" : [    0.0,
                    0.2099,
                    0.2219,
                    0.2329,
                    0.2176,
                    0.6366,
                    0.6448,
                    0.6560,
                    0.6584,
                    0.7935,
                    0.8213,
                    0.9336,
                    1.2285,
                    1.3083,
                    2.1704,
                    2.7105,
                    4.2589,
                    4.6003,
                    5.4902,
                    5.6077,
                    6.3065,
                    6.6374,
                    7.0427,
                    8.6523]
}
