{
    "los" : 0,
    "num_clusters" : 23,
    "scale_delays" : true,

    "delays" : [    0.0,
                    0.3819,
                    0.4025,
                    0.5868,
                    0.4610,
                    0.5375,
                    0.6708,
                    0.5750,
                    0.7618,
                    1.5375,
                    1.8978,
                    2.2242,
                    2.1718,
                    2.4942,
                    2.5119,
                    3.0582,
                    4.0810,
                    4.4579,
                    4.5695,
                    4.7966,
                    5.0066,
                    5.3043,
                    9.6586],

    "powers" : [    -13.4,
                    0.0,
                    -2.2,
                    -4.0,
                    -6.0,
                    -8.2,
                    -9.9,
                    -10.5,
                    -7.5,
                    -15.9,
                    -6.6,
                    -16.7,
                    -12.4,
                    -15.2,
                    -10.8,
                    -11.3,
                    -12.7,
                    -16.2,
                    -18.3,
                    -18.9,
                    -16.6,
                    -19.9,
                    -29.7]
}
