{
    "los" : 1,
    "num_clusters" : 13,
    "scale_delays" : true,

    "powers" : [    -0.2,
                    -13.5,
                    -18.8,
                    -21,
                    -22.8,
                    -17.9,
                    -20.1,
                    -21.9,
                    -22.9,
                    -27.8,
                    -23.6,
                    -24.8,
                    -30.0,
                    -27.7],

    "delays" : [    0.0,
                    0.0,
                    0.035,
                    0.612,
                    1.363,
                    1.405,
                    1.804,
                    2.596,
                    1.775,
                    4.042,
                    7.937,
                    9.424,
                    9.708,
                    12.525]
}
