{
    "los" : 1,
    "num_clusters" : 14,
    "scale_delays" : true,

    "powers" : [    -0.03,
                    -22.03,
                    -15.8,
                    -18.1,
                    -19.8,
                    -22.9,
                    -22.4,
                    -18.6,
                    -20.8,
                    -22.6,
                    -22.3,
                    -25.6,
                    -20.2,
                    -29.8,
                    -29.2],

    "delays" : [    0.0,
                    0.0,
                    0.5133,
                    0.5440,
                    0.5630,
                    0.5440,
                    0.7112,
                    1.9092,
                    1.9293,
                    1.9589,
                    2.6426,
                    3.7136,
                    5.4524,
                    12.0034,
                    20.6519]
}
