{
    "los" : 0,
    "num_clusters" : 23,
    "scale_delays" : true,

    "powers" : [    0.0,
                    -2.2,
                    -4.0,
                    -3.2,
                    -9.8,
                    -1.2,
                    -3.4,
                    -5.2,
                    -7.6,
                    -3.0,
                    -8.9,
                    -9.0,
                    -4.8,
                    -5.7,
                    -7.5,
                    -1.9,
                    -7.6,
                    -12.2,
                    -9.8,
                    -11.4,
                    -14.9,
                    -9.2,
                    -11.3],

        "delays" : [    0.0000,
                        0.1072,
                        0.2155,
                        0.2095,
                        0.2870,
                        0.2986,
                        0.3752,
                        0.5055,
                        0.3681,
                        0.3697,
                        0.5700,
                        0.5283,
                        1.1021,
                        1.2756,
                        1.5474,
                        1.7842,
                        2.0169,
                        2.8294,
                        3.0219,
                        3.6187,
                        4.1067,
                        4.2790,
                        4.7834]
}
