{
    "los" : 0,
    "num_clusters" : 12,
    "scale_delays" : false,

    "delays" : [    0.0,
                    10.0,
                    15.0,
                    20.0,
                    25.0,
                    50.0,
                    65.0,
                    75.0,
                    105.0,
                    135.0,
                    150.0,
                    290.0],

    "powers" : [    -15.5,
                    0.0,
                    -5.1,
                    -5.1,
                    -9.6,
                    -8.2,
                    -13.1,
                    -11.5,
                    -11.0,
                    -16.2,
                    -16.6,
                    -26.2]
}
