{
    "los" : 0,
    "num_clusters" : 12,
    "scale_delays" : false,

    "powers" : [    0.0,
                    -2.2,
                    -0.6,
                    -0.6,
                    -0.3,
                    -1.2,
                    -5.9,
                    -2.2,
                    -0.8,
                    -6.3,
                    -7.5,
                    -7.1],

        "delays" : [    0.0,
                        10.0,
                        20.0,
                        30.0,
                        35.0,
                        45.0,
                        55.0,
                        120.0,
                        170.0,
                        245.0,
                        330.0,
                        480.0]
}
