{
    "los" : 0,
    "num_clusters" : 12,
    "scale_delays" : false,

    "powers" : [    -6.9,
                    0.0,
                    -7.7,
                    -2.5,
                    -2.4,
                    -9.9,
                    -8.0,
                    -6.6,
                    -7.1,
                    -13.0,
                    -14.2,
                    -16.0],

    "delays" : [    0.0,
                    65.0,
                    70.0,
                    190.0,
                    195.0,
                    200.0,
                    240.0,
                    325.0,
                    520.0,
                    1045.0,
                    1510.0,
                    2595.0]
}
