{
    "muDSa" : -0.204,
    "muDSb" : 0.0,
    "muDSc" : -6.28,

    "sigmaDSa" : 0.0,
    "sigmaDSb" : 0.0,
    "sigmaDSc" : 0.39,

    "muASDa" : -0.1144,
    "muASDb" : 0.0,
    "muASDc" : 1.5,

    "sigmaASDa" : 0.0,
    "sigmaASDb" : 0.0,
    "sigmaASDc" : 0.28,

    "muASAa" : -0.27,
    "muASAb" : 0.0,
    "muASAc" : 2.08,

    "sigmaASAa" : 0.0,
    "sigmaASAb" : 0.0,
    "sigmaASAc" : 0.11,

    "muZSAa" : -0.3236,
    "muZSAb" : 0.0,
    "muZSAc" : 1.512,

    "sigmaZSAa" : 0.0,
    "sigmaZSAb" : 0.0,
    "sigmaZSAc" : 0.16,

    "muK" : 0.0,
    "sigmaK" : 0.0,

    "muXPR" : 7.0,
    "sigmaXPR" : 3.0,

    "sigmaSF" : 6.0,

    "sigmaZSD" : 0.49,

    "numClusters" : 20,

    "rTau" : 2.3,

    "zeta" : 3.0,

    "cDSa" : 0.25,
    "cDSb" : 6.5622,
    "cDSc" : 3.4084,
    "cASD" : 2.0,
    "cASA" : 15.0,
    "cZSA" : 7.0,

    "CPhiNLoS" : 1.289,
    "CThetaNLoS" : 1.178,

    "corrDistDS" : 40,
    "corrDistASD" : 50,
    "corrDistASA" : 50,
    "corrDistSF" : 50,
    "corrDistK" : 1,
    "corrDistZSA" : 50,
    "corrDistZSD" : 50,

    "corrASDvsDS" : 0.4,
    "corrASAvsDS" : 0.6,
    "corrASAvsSF" : 0.0,
    "corrASDvsSF" : -0.6,
    "corrDSvsSF" : -0.4,
    "corrASDvsASA" : 0.4,
    "corrASDvsK" : 0.0,
    "corrASAvsK" : 0.0,
    "corrDSvsK" : 0.0,
    "corrSFvsK" : 0.0,
    "corrZSDvsSF" : 0.0,
    "corrZSAvsSF" : -0.4,
    "corrZSDvsK" : 0.0,
    "corrZSAvsK" : 0.0,
    "corrZSDvsDS" : -0.5,
    "corrZSAvsDS" : 0.0,
    "corrZSDvsASD" : 0.5,
    "corrZSAvsASD" : -0.1,
    "corrZSDvsASA" : 0.0,
    "corrZSAvsASA" : 0.0,
    "corrZSDvsZSA": 0.0
}