{
    "muDSa" : -0.0963,
    "muDSb" : 0.0,
    "muDSc" : -6.955,

    "sigmaDSa" : 0.0,
    "sigmaDSb" : 0.0,
    "sigmaDSc" : 0.66,

    "muASDa" : 0.1114,
    "muASDb" : 0.0,
    "muASDc" : 1.06,

    "sigmaASDa" : 0.0,
    "sigmaASDb" : 0.0,
    "sigmaASDc" : 0.28,

    "muASAa" : 0.0,
    "muASAb" : 0.0,
    "muASAc" : 1.81,

    "sigmaASAa" : 0.0,
    "sigmaASAb" : 0.0,
    "sigmaASAc" : 0.20,

    "muZSAa" : 0.0,
    "muZSAb" : 0.0,
    "muZSAc" : 0.95,

    "sigmaZSAa" : 0.0,
    "sigmaZSAb" : 0.0,
    "sigmaZSAc" : 0.16,

    "muK" : 9.0,
    "sigmaK" : 3.5,

    "muXPR" : 8.0,
    "sigmaXPR" : 4.0,

    "sigmaSF" : 4.0,

    "sigmaZSD" : 0.40,

    "numClusters" : 12,

    "rTau" : 2.5,

    "zeta" : 3.0,

    "cDSa" : 0.25,
    "cDSb" : 6.5622,
    "cDSc" : 3.4084,
    "cASD" : 5.0,
    "cASA" : 11.0,
    "cZSA" : 7.0,

    "CPhiNLoS" : 1.146,
    "CThetaNLoS" : 1.104,

    "corrDistDS" : 30,
    "corrDistASD" : 18,
    "corrDistASA" : 15,
    "corrDistSF" : 37,
    "corrDistK" : 12,
    "corrDistZSA" : 15,
    "corrDistZSD" : 15,

    "corrASDvsDS" : 0.4,
    "corrASAvsDS" : 0.8,
    "corrASAvsSF" : -0.5,
    "corrASDvsSF" : -0.5,
    "corrDSvsSF" : -0.4,
    "corrASDvsASA" : 0.0,
    "corrASDvsK" : 0.0,
    "corrASAvsK" : -0.2,
    "corrDSvsK" : -0.4,
    "corrSFvsK" : 0.0,
    "corrZSDvsSF" : 0.0,
    "corrZSAvsSF" : -0.8,
    "corrZSDvsK" : 0.0,
    "corrZSAvsK" : 0.0,
    "corrZSDvsDS" : -0.2,
    "corrZSAvsDS" : 0.0,
    "corrZSDvsASD" : 0.5,
    "corrZSAvsASD" : 0.0,
    "corrZSDvsASA" : -0.3,
    "corrZSAvsASA" : 0.4,
    "corrZSDvsZSA": 0.0
}