{
    "muDSa" : -0.24,
    "muDSb" : 1.0,
    "muDSc" : -7.14,

    "sigmaDSa" : 0.0,
    "sigmaDSb" : 0.0,
    "sigmaDSc" : 0.38,

    "muASDa" : -0.05,
    "muASDb" : 1.0,
    "muASDc" : 1.21,

    "sigmaASDa" : 0.0,
    "sigmaASDb" : 0.0,
    "sigmaASDc" : 0.41,

    "muASAa" : -0.08,
    "muASAb" : 1.0,
    "muASAc" : 1.73,

    "sigmaASAa" : 0.014,
    "sigmaASAb" : 1.0,
    "sigmaASAc" : 0.28,

    "muZSAa" : -0.1,
    "muZSAb" : 1.0,
    "muZSAc" : 0.73,

    "sigmaZSAa" : -0.04,
    "sigmaZSAb" : 1.0,
    "sigmaZSAc" : 0.34,

    "muK" : 9.0,
    "sigmaK" : 5.0,

    "muXPR" : 9.0,
    "sigmaXPR" : 3.0,

    "sigmaSF" : 4.0,

    "sigmaZSD" : 0.35,

    "numClusters" : 12,

    "rTau" : 3.0,

    "zeta" : 3.0,

    "cDSa" : 5.0,
    "cDSb" : 0.0,
    "cDSc" : 0.0,
    "cASD" : 3.0,
    "cASA" : 17.0,
    "cZSA" : 7.0,

    "CPhiNLoS" : 1.146,
    "CThetaNLoS" : 1.104,

    "corrDistDS" : 7,
    "corrDistASD" : 8,
    "corrDistASA" : 8,
    "corrDistSF" : 10,
    "corrDistK" : 15,
    "corrDistZSA" : 12,
    "corrDistZSD" : 12,

    "corrASDvsDS" : 0.5,
    "corrASAvsDS" : 0.8,
    "corrASAvsSF" : -0.4,
    "corrASDvsSF" : -0.5,
    "corrDSvsSF" : -0.4,
    "corrASDvsASA" : 0.4,
    "corrASDvsK" : -0.2,
    "corrASAvsK" : -0.3,
    "corrDSvsK" : -0.7,
    "corrSFvsK" : 0.5,
    "corrZSDvsSF" : 0.0,
    "corrZSAvsSF" : 0.0,
    "corrZSDvsK" : 0.0,
    "corrZSAvsK" : 0.0,
    "corrZSDvsDS" : 0.0,
    "corrZSAvsDS" : 0.2,
    "corrZSDvsASD" : 0.5,
    "corrZSAvsASD" : 0.3,
    "corrZSDvsASA" : 0.0,
    "corrZSAvsASA" : 0.0,
    "corrZSDvsZSA": 0.0
}