{
    "muDSa" : -0.24,
    "muDSb" : 1.0,
    "muDSc" : -6.83,

    "sigmaDSa" : 0.16,
    "sigmaDSb" : 1.0,
    "sigmaDSc" : 0.28,

    "muASDa" : -0.23,
    "muASDb" : 1.0,
    "muASDc" : 1.53,

    "sigmaASDa" : 0.11,
    "sigmaASDb" : 1.0,
    "sigmaASDc" : 0.33,

    "muASAa" : -0.08,
    "muASAb" : 1.0,
    "muASAc" : 1.81,

    "sigmaASAa" : 0.05,
    "sigmaASAb" : 1.0,
    "sigmaASAc" : 0.3,

    "muZSAa" : -0.04,
    "muZSAb" : 1.0,
    "muZSAc" : 0.92,

    "sigmaZSAa" : -0.07,
    "sigmaZSAb" : 1.0,
    "sigmaZSAc" : 0.41,

    "muK" : 0.0,
    "sigmaK" : 0.0,

    "muXPR" : 8.0,
    "sigmaXPR" : 3.0,

    "sigmaSF" : 7.82,

    "sigmaZSD" : 0.35,

    "numClusters" : 19,

    "rTau" : 2.1,

    "zeta" : 3.0,

    "cDSa" : 11.0,
    "cDSb" : 0.0,
    "cDSc" : 0.0,
    "cASD" : 10.0,
    "cASA" : 22.0,
    "cZSA" : 7.0,

    "CPhiNLoS" : 1.273,
    "CThetaNLoS" : 1.184,

    "corrDistDS" : 10,
    "corrDistASD" : 10,
    "corrDistASA" : 9,
    "corrDistSF" : 13,
    "corrDistK" : 1,
    "corrDistZSA" : 10,
    "corrDistZSD" : 10,

    "corrASDvsDS" : 0.0,
    "corrASAvsDS" : 0.4,
    "corrASAvsSF" : -0.4,
    "corrASDvsSF" : 0.0,
    "corrDSvsSF" : -0.7,
    "corrASDvsASA" : 0.0,
    "corrASDvsK" : 0.0,
    "corrASAvsK" : 0.0,
    "corrDSvsK" : 0.0,
    "corrSFvsK" : 0.0,
    "corrZSDvsSF" : 0.0,
    "corrZSAvsSF" : 0.0,
    "corrZSDvsK" : 0.0,
    "corrZSAvsK" : 0.0,
    "corrZSDvsDS" : -0.5,
    "corrZSAvsDS" : 0.0,
    "corrZSDvsASD" : 0.5,
    "corrZSAvsASD" : 0.5,
    "corrZSDvsASA" : 0.0,
    "corrZSAvsASA" : 0.2,
    "corrZSDvsZSA": 0.0
}