{
    "muDSa" : 0.0,
    "muDSb" : 0.0,
    "muDSc" : -6.62,

    "sigmaDSa" : 0.0,
    "sigmaDSb" : 0.0,
    "sigmaDSc" : 0.32,

    "muASDa" : 0.0,
    "muASDb" : 0.0,
    "muASDc" : 1.25,

    "sigmaASDa" : 0.0,
    "sigmaASDb" : 0.0,
    "sigmaASDc" : 0.42,

    "muASAa" : 0.0,
    "muASAb" : 0.0,
    "muASAc" : 1.76,

    "sigmaASAa" : 0.0,
    "sigmaASAb" : 0.0,
    "sigmaASAc" : 0.16,

    "muZSAa" : 0.0,
    "muZSAb" : 0.0,
    "muZSAc" : 1.01,

    "sigmaZSAa" : 0.0,
    "sigmaZSAb" : 0.0,
    "sigmaZSAc" : 0.43,

    "muK" : 0.0,
    "sigmaK" : 0.0,

    "muXPR" : 9.0,
    "sigmaXPR" : 5.0,

    "sigmaSF" : 7.0,

    "sigmaZSD" : 0.35,

    "numClusters" : 12,

    "rTau" : 2.2,

    "zeta" : 4.0,

    "cDSa" : 11.0,
    "cDSb" : 0.0,
    "cDSc" : 0.0,
    "cASD" : 5.0,
    "cASA" : 8.0,
    "cZSA" : 3.0,

    "CPhiNLoS" : 1.146,
    "CThetaNLoS" : 1.104,

    "corrDistDS" : 10,
    "corrDistASD" : 11,
    "corrDistASA" : 17,
    "corrDistSF" : 7,
    "corrDistK" : 1,
    "corrDistZSA" : 25,
    "corrDistZSD" : 25,

    "corrASDvsDS" : 0.4,
    "corrASAvsDS" : 0.4,
    "corrASAvsSF" : 0.0,
    "corrASDvsSF" : 0.2,
    "corrDSvsSF" : -0.5,
    "corrASDvsASA" : 0.0,
    "corrASDvsK" : 0.0,
    "corrASAvsK" : 0.0,
    "corrDSvsK" : 0.0,
    "corrSFvsK" : 0.0,
    "corrZSDvsSF" : 0.0,
    "corrZSAvsSF" : 0.0,
    "corrZSDvsK" : 0.0,
    "corrZSAvsK" : 0.0,
    "corrZSDvsDS" : -0.6,
    "corrZSAvsDS" : -0.2,
    "corrZSDvsASD" : -0.2,
    "corrZSAvsASD" : 0.0,
    "corrZSDvsASA" : 0.0,
    "corrZSAvsASA" : 0.5,
    "corrZSDvsZSA": 0.5
}